id,liens,vegetarien,vegan,crudivore,sans_gluten,alixproof,sans_noix,sucré/salé,,,,,,,,,,,,,,,,
1,https://quandnadcuisine.fr/salade-de-quinoa-a-la-mexicaine/,1,1,0,1,1,1,salé,,,,,,,,,,,,,,,,
2,https://quandnadcuisine.fr/bricks-au-thon-et-tomates-sechees/,0,0,0,0,0,1,salé,,,,,,,,,,,,,,,,
3,https://quandnadcuisine.fr/ballotins-au-chevre-et-au-bacon/,0,0,0,0,0,1,salé,,,,,,,,,,,,,,,,
4,https://quandnadcuisine.fr/clafoutis-petits-pois-et-surimi/,0,0,0,0,0,1,salé,,,,,,,,,,,,,,,,
5,https://quandnadcuisine.fr/clafoutis-poireaux-chorizo-a-la-multidelices/,0,0,0,1,0,1,salé,,,,,,,,,,,,,,,,
6,https://quandnadcuisine.fr/pesto-de-fanes-de-radis/,1,0,1,0,0,0,salé,,,,,,,,,,,,,,,,
7,https://quandnadcuisine.fr/tartines-figues-et-chevre/,1,0,0,0,0,0,salé,,,,,,,,,,,,,,,,
8,https://quandnadcuisine.fr/salade-de-pommes-de-terre-au-citron/,1,1,0,1,0,1,salé,,,,,,,,,,,,,,,,
9,https://quandnadcuisine.fr/terrine-de-courgettes-au-thon-et-au-chevre-frais/,0,0,0,1,0,1,salé,,,,,,,,,,,,,,,,
10,https://quandnadcuisine.fr/veloute-de-navets-et-patates-douces-aux-epices-tandoori/,1,0,0,1,0,0,salé,,,,,,,,,,,,,,,,
11,https://quandnadcuisine.fr/veloute-de-courge-et-patate-douce/,1,1,0,1,0,1,salé,,,,,,,,,,,,,,,,
12,https://quandnadcuisine.fr/veloute-de-potiron-au-kiri/,0,0,0,1,0,1,salé,,,,,,,,,,,,,,,,
13,https://quandnadcuisine.fr/pate-a-flammenkuche-ou-flammekueche/,1,1,1,0,1,1,salé,,,,,,,,,,,,,,,,
14,https://quandnadcuisine.fr/mini-burgers-au-saumon-fume/,0,0,0,0,0,1,salé,,,,,,,,,,,,,,,,
15,https://quandnadcuisine.fr/poisson-sauce-satay/,0,0,0,1,0,0,salé,,,,,,,,,,,,,,,,
16,https://quandnadcuisine.fr/curry-de-quinoa-a-la-butternut/,1,1,0,1,1,1,salé,,,,,,,,,,,,,,,,
17,https://quandnadcuisine.fr/risotto-au-poulet-et-pesto/,0,0,0,1,0,0,salé,,,,,,,,,,,,,,,,
18,https://quandnadcuisine.fr/bavette-de-flanchet-au-chutney-doignons/,0,0,0,1,1,1,salé,,,,,,,,,,,,,,,,
19,https://quandnadcuisine.fr/mafe-de-poulet/,0,0,0,1,0,0,salé,,,,,,,,,,,,,,,,
20,https://quandnadcuisine.fr/tartinade-lavocat-et-au-thon/,0,0,0,1,0,1,salé,,,,,,,,,,,,,,,,
21,https://quandnadcuisine.fr/gaufres-au-saumon-fume/,0,0,0,0,0,1,salé,,,,,,,,,,,,,,,,
22,https://quandnadcuisine.fr/lasagnes-vegetariennes-aux-lentilles/,1,0,0,0,0,1,salé,,,,,,,,,,,,,,,,
23,https://quandnadcuisine.fr/boeuf-confit-aux-epices/,0,0,0,0,1,1,salé,,,,,,,,,,,,,,,,
24,https://quandnadcuisine.fr/poulet-sauce-citronnee-et-quinoa-tomate/,0,0,0,1,1,1,salé,,,,,,,,,,,,,,,,
25,https://quandnadcuisine.fr/travers-de-porc-au-miel/,0,0,0,0,1,1,salé,,,,,,,,,,,,,,,,
26,https://quandnadcuisine.fr/cake-ultra-moelleux-au-citron/,1,0,0,0,0,1,sucré ,,,,,,,,,,,,,,,,
27,https://quandnadcuisine.fr/tigre-xxl/,1,0,0,0,0,0,sucré ,,,,,,,,,,,,,,,,
28,https://quandnadcuisine.fr/panna-cotta-coco-mangue/,1,0,0,1,0,0,sucré ,,,,,,,,,,,,,,,,
29,https://quandnadcuisine.fr/coupes-fraicheur-aux-fraises/,1,0,0,0,0,1,sucré ,,,,,,,,,,,,,,,,
30,https://quandnadcuisine.fr/verrines-aux-peches-et-au-fromage-blanc/,1,0,1,0,0,1,sucré ,,,,,,,,,,,,,,,,
31,https://quandnadcuisine.fr/glaces-a-leau/,1,1,1,1,1,1,sucré ,au moins ça plait à tout le monde,,,,,,,,,,,,,,,
32,https://quandnadcuisine.fr/compote-pommes-figues/,1,1,0,1,1,1,sucré ,,,,,,,,,,,,,,,,
33,https://quandnadcuisine.fr/creme-dessert-banane-chocolat-3-ingredients/,1,0,0,1,0,1,sucré ,,,,,,,,,,,,,,,,
34,https://quandnadcuisine.fr/crumble-pommes-poires-speculoos/,1,1,0,0,0,1,sucré ,,,,,,,,,,,,,,,,
35,https://quandnadcuisine.fr/scholles-bredele/,1,1,0,0,0,0,sucré ,,,,,,,,,,,,,,,,
36,https://quandnadcuisine.fr/gros-cookies-amandes-et-chocolat/,1,1,0,0,1,0,sucré ,,,,,,,,,,,,,,,,
37,https://quandnadcuisine.fr/gateau-a-la-courgette-amande-et-citron/,1,0,0,0,0,0,sucré ,,,,,,,,,,,,,,,,
38,https://quandnadcuisine.fr/tartelettes-panna-cotta-a-la-fraise/,1,0,0,0,0,0,sucré ,,,,,,,,,,,,,,,,
39,https://quandnadcuisine.fr/financiers-au-praline/,1,0,0,0,0,0,sucré ,,,,,,,,,,,,,,,,
40,https://quandnadcuisine.fr/cookies-au-beurre-de-cacahuetes-et-chocolat/,1,0,0,0,0,0,sucré ,,,,,,,,,,,,,,,,
41,https://quandnadcuisine.fr/cookies-sticks-vegan/,1,1,0,0,1,1,sucré ,,,,,,,,,,,,,,,,
42,https://quandnadcuisine.fr/gateau-sucre-a-la-pomme-de-terre/,1,0,0,0,0,0,sucré ,,,,,,,,,,,,,,,,
43,https://quandnadcuisine.fr/cremes-dessert-au-caramel-au-beurre-sale/,1,0,0,1,0,1,sucré ,,,,,,,,,,,,,,,,
44,https://quandnadcuisine.fr/brioche-sans-oeuf/,1,0,0,0,0,1,sucré ,,,,,,,,,,,,,,,,
45,https://quandnadcuisine.fr/financiers-aux-fraises/,1,0,0,0,0,0,sucré ,,,,,,,,,,,,,,,,
46,https://quandnadcuisine.fr/banana-bread-noix-et-chocolat/,1,0,0,0,0,0,sucré ,,,,,,,,,,,,,,,,
47,https://quandnadcuisine.fr/prince-noir-gateau-au-chocolat-sans-gluten/,1,0,0,1,0,1,sucré ,,,,,,,,,,,,,,,,
48,https://quandnadcuisine.fr/helenettes-biscuits-moelleux-aux-jaunes-doeufs/,1,0,0,0,0,1,sucré ,,,,,,,,,,,,,,,,
49,https://quandnadcuisine.fr/tarte-tatin-revisitee-de-christophe-michalak/,1,0,0,0,0,1,sucré ,,,,,,,,,,,,,,,,
50,https://quandnadcuisine.fr/sables-aux-eclats-de-chocolat/,1,1,0,0,0,1,sucré ,,,,,,,,,,,,,,,,
51,https://quandnadcuisine.fr/crumble-au-poulet-et-legumes-dete/,0,0,0,0,0,0,salé,,,,,,,,,,,,,,,,
52,https://quandnadcuisine.fr/boeuf-aux-poivrons/,0,0,0,0,1,0,salé,,,,,,,,,,,,,,,,
53,https://quandnadcuisine.fr/lieu-noir-a-la-creme-de-basilic/,0,0,0,0,0,1,salé,,,,,,,,,,,,,,,,
54,https://quandnadcuisine.fr/filet-mignon-au-chorizo-sauce-aux-poivrons/,0,0,0,1,0,1,salé,,,,,,,,,,,,,,,,
55,https://quandnadcuisine.fr/pave-de-rumsteak-caramel-a-la-sauce-soja/,0,0,0,1,1,0,salé,,,,,,,,,,,,,,,,
56,https://quandnadcuisine.fr/burgers-a-la-raclette-et-a-loignon-confit/,0,0,0,0,0,1,salé,,,,,,,,,,,,,,,,
57,https://quandnadcuisine.fr/cocotte-de-cuisses-de-poulet-a-lorange/,0,0,0,0,1,1,salé,,,,,,,,,,,,,,,,
58,https://quandnadcuisine.fr/lapin-au-citron/,0,0,0,0,1,1,salé,,,,,,,,,,,,,,,,
59,https://quandnadcuisine.fr/roti-de-porc-marine-aux-saveurs-asiatiques-au-cookeo-ou-pas/,0,0,0,0,1,1,salé,,,,,,,,,,,,,,,,
60,https://quandnadcuisine.fr/boeuf-stroganoff-au-cookeo/,0,0,0,0,0,1,salé,,,,,,,,,,,,,,,,
61,https://quandnadcuisine.fr/chow-mein-au-boeuf/,0,0,0,0,1,1,salé,,,,,,,,,,,,,,,,
62,https://quandnadcuisine.fr/saumon-marine-au-gingembre/,0,0,0,0,0,1,salé,,,,,,,,,,,,,,,,
63,https://quandnadcuisine.fr/gratin-de-riz-a-la-patate-douce-et-au-chorizo/,0,0,0,1,0,1,salé,,,,,,,,,,,,,,,,
64,https://quandnadcuisine.fr/domoda-aux-boulettes-ragout-de-viande-senegalais/,0,0,0,0,0,1,salé,,,,,,,,,,,,,,,,
65,https://quandnadcuisine.fr/croquettes-de-thon-aux-herbes/,0,0,0,0,0,1,salé,,,,,,,,,,,,,,,,
66,https://quandnadcuisine.fr/crab-cakes/,0,0,0,0,0,1,salé,,,,,,,,,,,,,,,,
67,https://quandnadcuisine.fr/filet-de-poisson-au-pesto-de-persil-et-pistache/,0,0,0,1,0,0,salé,,,,,,,,,,,,,,,,
68,https://quandnadcuisine.fr/sandwichs-concombre-et-saumon-fume/,0,0,0,0,0,0,salé,,,,,,,,,,,,,,,,
69,https://quandnadcuisine.fr/burgers-alsaciens/,0,0,0,0,0,1,salé,,,,,,,,,,,,,,,,
70,https://quandnadcuisine.fr/brochettes-de-boeuf-a-la-mexicaine/,0,0,0,1,1,1,salé,,,,,,,,,,,,,,,,
71,https://quandnadcuisine.fr/gnocchis-a-la-bolognaise/,0,0,0,0,0,1,salé,,,,,,,,,,,,,,,,
72,https://quandnadcuisine.fr/filet-de-saumon-en-croute/,0,0,0,0,0,0,salé,,,,,,,,,,,,,,,,
73,https://quandnadcuisine.fr/paninis-facon-fajitas-au-boeuf/,0,0,0,0,0,1,salé,,,,,,,,,,,,,,,,
74,https://quandnadcuisine.fr/pates-sauce-cremeuse-aux-crevettes/,0,0,0,0,0,1,salé,,,,,,,,,,,,,,,,
75,https://quandnadcuisine.fr/verrines-avocat-saumon-fume-et-crevettes/,0,0,0,1,0,1,salé,,,,,,,,,,,,,,,,
76,https://quandnadcuisine.fr/moelleux-poireaux-chorizo-et-raclette/,0,0,0,0,0,1,salé,,,,,,,,,,,,,,,,
77,https://www.jackiecuisine.com/rougaille-de-champignons/,1,1,0,1,1,1,salé,,,,,,,,,,,,,,,,
78,https://www.jackiecuisine.com/butternut-facon-hasselback/,1,1,0,1,1,0,salé,,,,,,,,,,,,,,,,
79,https://www.jackiecuisine.com/invisible-aux-pommes-de-terre/,1,0,0,1,0,1,salé,,,,,,,,,,,,,,,,
80,https://www.jackiecuisine.com/sardines-en-escabeche/,0,0,0,1,1,1,salé,,,,,,,,,,,,,,,,
81,https://www.jackiecuisine.com/carpaccio-noix-st-jacques-aux-truffes/,0,0,1,1,0,1,salé,,,,,,,,,,,,,,,,
82,https://www.jackiecuisine.com/carpaccio-de-tomates-multicolores/,1,1,1,1,1,1,salé,,,,,,,,,,,,,,,,
83,https://www.jackiecuisine.com/tartare-de-tomate-mozzarella/,1,0,1,1,0,1,salé,,,,,,,,,,,,,,,,
84,https://www.jackiecuisine.com/salade-de-pasteque-a-la-feta-parfumee-a-la-coriandre/,1,0,1,1,0,1,salé,,,,,,,,,,,,,,,,
85,https://www.jackiecuisine.com/salsa-a-la-mangue/,1,1,1,1,1,1,salé,,,,,,,,,,,,,,,,
86,https://www.jackiecuisine.com/salade-verdures-pommes-chaudes/,1,1,0,1,0,0,salé,,,,,,,,,,,,,,,,
87,https://www.jackiecuisine.com/salade-automne-figues/,0,0,1,1,1,1,salé,,,,,,,,,,,,,,,,
88,https://www.jackiecuisine.com/soupe-concombre-froide/,1,0,1,1,0,1,salé,,,,,,,,,,,,,,,,
89,https://www.jackiecuisine.com/salade-asperges-ornithogales-tomates-sechees-parmesan/,1,0,0,1,0,1,salé,,,,,,,,,,,,,,,,
90,https://www.jackiecuisine.com/soupe-de-melon-glacee-au-vin-de-sureau/,1,1,1,1,1,1,salé,,,,,,,,,,,,,,,,
91,https://www.jackiecuisine.com/magret-de-canard-seche/,0,0,1,1,1,1,salé,,,,,,,,,,,,,,,,
92,https://www.jackiecuisine.com/filet-mignon-de-porc-seche-ou-lomo-maison/,0,0,1,1,1,1,salé,,,,,,,,,,,,,,,,
93,https://www.jackiecuisine.com/mousse-avocat/,0,0,0,1,0,1,salé,,,,,,,,,,,,,,,,
94,https://www.jackiecuisine.com/gaspacho-melon-chantilly-chevre-fromage-frais/,0,0,0,1,0,1,salé,,,,,,,,,,,,,,,,
95,https://www.jackiecuisine.com/orecchiette-creme-de-courgettes/,1,0,0,0,0,1,salé,,,,,,,,,,,,,,,,
96,https://www.jackiecuisine.com/spaghettis-epeautre-bolognaise-de-lentilles/,1,1,0,0,1,1,salé,,,,,,,,,,,,,,,,
97,https://www.jackiecuisine.com/gnocchi-fondants-de-potiron-au-beurre-de-sauge-et-parmesan/,1,0,0,0,0,0,salé,,,,,,,,,,,,,,,,
98,https://www.jackiecuisine.com/pommes-cocotte-cyril-lignac/,0,0,0,1,0,1,salé,,,,,,,,,,,,,,,,
99,https://www.jackiecuisine.com/boudin-aux-chataignes/,0,0,0,1,0,0,salé,,,,,,,,,,,,,,,,
100,https://www.jackiecuisine.com/rougail-de-saucisse-reunionnais/,0,0,0,1,1,1,salé,,,,,,,,,,,,,,,,
101,https://www.jackiecuisine.com/saucisson-chaud-pommes-terre-huile/,0,0,0,1,0,0,salé,,,,,,,,,,,,,,,,
102,https://www.jackiecuisine.com/salade-de-fruits/,1,1,1,1,1,1,sucré,,,,,,,,,,,,,,,,
103,https://www.jackiecuisine.com/the-aux-amandes-dessert-chinois/,1,0,0,1,0,0,sucré,,,,,,,,,,,,,,,,
104,https://www.jackiecuisine.com/creme-glacee-aux-avocats/,1,0,1,1,0,1,sucré,,,,,,,,,,,,,,,,
105,https://www.jackiecuisine.com/glace-pistache/,1,0,0,1,0,0,sucré,,,,,,,,,,,,,,,,
106,https://www.jackiecuisine.com/entremet-glace-aux-fruits-rouges/,1,0,1,1,0,1,sucré,,,,,,,,,,,,,,,,
107,https://www.jackiecuisine.com/coupe-fraises-mascarpone/,1,0,1,1,0,1,sucré,,,,,,,,,,,,,,,,
108,https://www.jackiecuisine.com/soupe-fraises-vin-rose-creme/,1,1,1,1,1,1,sucré,,,,,,,,,,,,,,,,
109,https://www.jackiecuisine.com/mousse-fraise/,1,0,1,1,0,1,sucré,,,,,,,,,,,,,,,,
110,https://www.jackiecuisine.com/mousse-abricots/,1,0,1,1,0,1,sucré,,,,,,,,,,,,,,,,
111,https://www.jackiecuisine.com/panna-cotta-myrtilles-myrtilles/,1,0,0,1,0,1,sucré,,,,,,,,,,,,,,,,
112,https://www.jackiecuisine.com/mousse-mangue-litchi/,1,0,0,1,0,1,sucré,,,,,,,,,,,,,,,,
113,https://www.jackiecuisine.com/salade-de-fraises-au-sirop-de-sureau/,1,1,1,1,1,1,sucré,,,,,,,,,,,,,,,,
114,https://www.jackiecuisine.com/compote-de-rhubarbe-fenouil-badiane/,1,1,0,1,1,1,sucré,,,,,,,,,,,,,,,,
115,https://www.jackiecuisine.com/cristallines-de-poires/,1,1,0,1,1,1,sucré,,,,,,,,,,,,,,,,
116,https://www.jackiecuisine.com/pizza-aux-fraises-mascarpone-et-romarin/,1,0,0,0,0,1,sucré,,,,,,,,,,,,,,,,
117,https://www.jackiecuisine.com/mousse-au-chocolat-aux-cerises/,1,0,1,1,0,1,sucré,,,,,,,,,,,,,,,,
118,https://www.jackiecuisine.com/gateau-ecureuil/,1,0,0,0,0,0,sucré,,,,,,,,,,,,,,,,
119,https://www.jackiecuisine.com/sables-papillons/,1,0,0,0,0,0,sucré,,,,,,,,,,,,,,,,
120,https://www.jackiecuisine.com/tarte-facon-financier-fraises-creme-pistache/,1,0,0,0,0,0,sucré,,,,,,,,,,,,,,,,
121,https://www.jackiecuisine.com/creme-orange-bergamote-curd/,1,0,0,0,0,0,sucré,,,,,,,,,,,,,,,,
122,https://www.jackiecuisine.com/financiers-aux-pralines-roses-2/,1,0,0,0,0,0,sucré,,,,,,,,,,,,,,,,
123,https://www.jackiecuisine.com/mille-feuille-de-fruits-frais/,1,1,1,1,1,1,sucré,,,,,,,,,,,,,,,,
124,https://www.jackiecuisine.com/montecaos-ghribia/,1,1,0,0,1,0,sucré,,,,,,,,,,,,,,,,
125,https://www.jackiecuisine.com/grands-peres-sirop-erable/,1,0,0,0,0,1,sucré,,,,,,,,,,,,,,,,
126,https://www.jackiecuisine.com/truffes-en-chocolat/,1,0,0,1,0,1,sucré,,,,,,,,,,,,,,,,
127,https://www.jackiecuisine.com/jambon-persille-de-bourgogne-pour-paques/,0,0,0,1,1,1,salé,,,,,,,,,,,,,,,,
128,https://www.jackiecuisine.com/boulettes-de-boeuf-facon-bourguignon/,0,0,0,1,1,1,salé,,,,,,,,,,,,,,,,
129,https://www.jackiecuisine.com/ragout-de-porc-a-la-creme-pommes-et-chataignes/,0,0,0,1,0,0,salé,,,,,,,,,,,,,,,,
130,https://www.jackiecuisine.com/cotes-de-veau-creme-aux-morilles/,0,0,0,1,0,1,salé,,,,,,,,,,,,,,,,
131,https://www.jackiecuisine.com/irish-pie-a-la-guiness/,0,0,0,0,0,1,salé,,,,,,,,,,,,,,,,
132,https://www.jackiecuisine.com/cotes-de-porc-fumees/,0,0,0,1,1,1,salé,,,,,,,,,,,,,,,,
133,https://www.jackiecuisine.com/moussaka-charlotte/,0,0,0,0,0,1,salé,,,,,,,,,,,,,,,,
134,https://www.jackiecuisine.com/mignon-de-porc-creme-de-roquefort-poires-farcies-au-roquefort-et-pignons/,0,0,0,1,0,1,salé,,,,,,,,,,,,,,,,
135,https://www.jackiecuisine.com/chakchouka-oeuf-merguez/,0,0,0,1,0,1,salé,,,,,,,,,,,,,,,,
136,https://www.jackiecuisine.com/mignon-de-porc-croute-italienne/,0,0,0,0,0,1,salé,,,,,,,,,,,,,,,,
137,https://www.jackiecuisine.com/supremes-poulet-courgettes-chorizo/,0,0,0,1,0,1,salé,,,,,,,,,,,,,,,,
138,https://www.jackiecuisine.com/paupiettes-veau-tagliatelles-basilic/,0,0,0,0,0,1,salé,,,,,,,,,,,,,,,,
139,https://www.jackiecuisine.com/chili-con-carne/,0,0,0,1,1,1,salé,,,,,,,,,,,,,,,,
140,https://www.jackiecuisine.com/parmentier-boudin-noir-panais/,0,0,0,1,0,0,salé,,,,,,,,,,,,,,,,
141,https://www.jackiecuisine.com/osso-buco-gremolata-orange/,0,0,0,0,0,1,salé,,,,,,,,,,,,,,,,
142,https://www.jackiecuisine.com/lentilles-diots-savoie-fumees/,0,0,0,1,1,0,salé,,,,,,,,,,,,,,,,
143,https://www.jackiecuisine.com/tranche-gigot-mediterraneens/,0,0,0,1,0,1,salé,,,,,,,,,,,,,,,,
144,https://www.jackiecuisine.com/moussaka-grecque/,0,0,0,0,0,1,salé,,,,,,,,,,,,,,,,
145,https://www.jackiecuisine.com/filet-mignon-porc-kiwis-risotto/,0,0,0,0,0,1,salé,,,,,,,,,,,,,,,,
146,https://www.jackiecuisine.com/saucisson-lyonnnais-brioche/,0,0,0,0,0,1,salé,,,,,,,,,,,,,,,,
147,https://www.jackiecuisine.com/noisettes-agneau-epices-navets-au-curry-boulgour-epeautre/,0,0,0,1,1,1,salé,,,,,,,,,,,,,,,,
148,https://www.jackiecuisine.com/supremes-volaille-canneberges-potimarron/,0,0,0,0,0,1,salé,,,,,,,,,,,,,,,,
149,https://www.jackiecuisine.com/poulet-pane-a-la-noix-de-coco/,0,0,0,0,0,1,salé,,,,,,,,,,,,,,,,
150,https://www.mercotte.fr/2007/05/25/une-petite-cure-de-legumes/,1,1,0,1,1,1,salé,,,,,,,,,,,,,,,,
151,https://www.mercotte.fr/2010/11/17/tartare-de-veau-avruga-petits-pois-entree-de-fete-dapres-gilles-choukroun/,0,0,0,1,1,0,salé,,,,,,,,,,,,,,,,
152,https://www.mercotte.fr/2005/08/17/salade-de-courgettes-multicolores/,1,1,1,1,1,1,salé,,,,,,,,,,,,,,,,
153,https://www.mercotte.fr/2009/12/04/supremes-de-pintade-fermiere-a-la-vanille-et-a-lorange-plat-de-fete-pas-trop-cher/,0,0,0,1,0,0,salé,,,,,,,,,,,,,,,,
154,https://www.mercotte.fr/2007/11/06/poulet-bio-pesto-nouveau-agar-rigolo/,0,0,0,1,0,0,salé,,,,,,,,,,,,,,,,
155,https://www.mercotte.fr/2008/11/04/poulet-tout-simple-en-minis-cocottes-et-la-saga-de-mon-jardin-dhiver/,0,0,0,1,1,0,salé,,,,,,,,,,,,,,,,
156,https://www.mercotte.fr/2008/03/25/poulet-a-la-japonaise-et-a-londres-fromages-a-gogo/,0,0,0,0,1,0,salé,,,,,,,,,,,,,,,,
157,https://www.mercotte.fr/2007/07/06/moelleux-de-volaille-et-foie-gras-aux-epices/,0,0,0,1,1,1,salé,,,,,,,,,,,,,,,,
158,https://www.mercotte.fr/2011/09/28/filet-mignon-aux-pignons-raisins-secs-et-dattes/,0,0,0,1,1,0,salé,,,,,,,,,,,,,,,,
159,https://www.mercotte.fr/2006/07/05/soupe-glacee-de-petits-pois-aux-noisettes-torrefiees-et-a-lhuile-de-noisette/,0,0,0,1,0,0,salé,,,,,,,,,,,,,,,,
160,https://www.mercotte.fr/2008/04/04/creme-de-laitue-ou-la-soupe-du-soir-en-5-minutes-chrono/,0,0,0,1,0,1,salé,,,,,,,,,,,,,,,,
161,https://www.mercotte.fr/2010/10/06/filets-de-st-pierre-semoule-de-choux-fleurs-et-brocolis-risotto-de-crozets-a-la-duxelle-de-champignons-jus-persille/,1,1,0,1,1,0,salé,,,,,,,,,,,,,,,,
162,https://www.mercotte.fr/2006/04/03/dos-de-cabillaud-sauce-frederic-bau-graines-et-legumineuses-sante-saveurs/,1,1,0,1,1,0,salé,,,,,,,,,,,,,,,,
163,https://www.mercotte.fr/2005/08/20/duo-de-courgettes/,1,0,0,0,0,1,salé,,,,,,,,,,,,,,,,
164,https://www.mercotte.fr/2020/05/27/focaccia-pour-laperitif-ou-plus-si-affinite/,1,1,0,0,1,1,salé,,,,,,,,,,,,,,,,
165,https://www.mercotte.fr/2006/02/21/vite-une-derniere-soupe-chaude-avant-larrivee-du-printemps/,0,0,0,1,0,0,salé,,,,,,,,,,,,,,,,
166,https://www.mercotte.fr/2008/10/03/brioche-au-st-agur-et-son-crumble-de-noisette-le-thuries-nouveau-est-arrive/,1,0,0,0,0,1,salé,,,,,,,,,,,,,,,,
167,https://www.mercotte.fr/2008/04/22/biscuits-au-sesame-et-crackers-aux-algues-cuisinons-les-ingredients-japonais-avec-clea/,1,1,0,1,1,0,salé,,,,,,,,,,,,,,,,
168,https://www.mercotte.fr/2010/07/07/croquants-au-sesame-croquez-sale-avec-clea-et-croquez-sante-bien-sur-scoop-laurence-salomon-inside/,1,0,0,0,0,0,salé,,,,,,,,,,,,,,,,
169,https://www.mercotte.fr/2011/08/17/eclairs-truite-fumee-wasabi-dapres-christophe-adam/,0,0,0,0,0,1,salé,,,,,,,,,,,,,,,,
170,https://www.mercotte.fr/2019/10/06/sables-a-lail-noir-et-au-parmesan-le-dimanche-cest-recre-et-cest-sale/,1,0,0,0,0,1,salé,,,,,,,,,,,,,,,,
171,https://www.mercotte.fr/2009/05/19/pour-changer-a-lapero-sables-aux-graines-de-courge-selon-eric-kayser/,1,1,1,0,0,1,salé,,,,,,,,,,,,,,,,
172,https://www.mercotte.fr/2011/04/16/la-retrospective-du-samedi-petits-flans-de-poivrons-rouges-et-aubergines-cumin-chevre-frais-et-en-bonus-julie-h-vous-raconte-une-recette/,1,0,0,1,0,1,salé,,,,,,,,,,,,,,,,
173,https://www.mercotte.fr/2006/12/03/a-la-decouverte-du-meilleur-des-meilleurs/,1,1,0,0,0,0,salé,,,,,,,,,,,,,,,,
174,https://www.mercotte.fr/2008/07/01/thon-rouge-marine-au-gingembre-condiment-roquette-krachai-a-la-maniere-de-william-ledeuil/,1,1,0,1,0,1,salé,,,,,,,,,,,,,,,,
175,https://www.mercotte.fr/2012/12/08/m6-le-meilleur-patissier-charlotte-aux-fruits-rouges-la-recette-de-lemission/,1,0,0,0,0,1,sucré,,,,,,,,,,,,,,,,
176,https://www.mercotte.fr/2013/05/01/barres-cereales-croustillantes-au-dulcey/,1,0,0,0,0,0,sucré,,,,,,,,,,,,,,,,
177,https://www.mercotte.fr/2009/12/18/biscuit-aux-noix-sensations-plaisir-by-philippe-conticini-a-gouter-de-toute-urgence/,1,0,0,0,0,0,sucré,,,,,,,,,,,,,,,,
178,https://www.mercotte.fr/2011/11/30/la-torta-caprese-au-chocolat-blanc-de-edda/,1,0,0,0,0,0,sucré,,,,,,,,,,,,,,,,
179,https://www.mercotte.fr/2023/08/27/souvenirs-n-4-shortbread-maison/,1,1,0,0,0,1,sucré,,,,,,,,,,,,,,,,
180,https://www.mercotte.fr/2016/09/14/les-scones-de-cedric-grolet-le-patissier-de-lannee/,1,0,0,0,0,0,sucré,,,,,,,,,,,,,,,,
181,https://www.mercotte.fr/2020/08/12/sables-tout-simplement/,1,0,0,0,0,1,sucré,,,,,,,,,,,,,,,,
182,https://www.mercotte.fr/2016/01/13/sables-multi-cereales-de-stephane-glacier-saga-sables-episode-1/,1,0,0,0,0,0,sucré,,,,,,,,,,,,,,,,
183,https://www.mercotte.fr/2021/09/19/sables-diamant-a-la-noisette-et-aux-eclats-de-noisettes-caramelises/,1,0,0,0,0,0,sucré,,,,,,,,,,,,,,,,
184,https://www.mercotte.fr/2012/12/10/le-baba-au-rhum-m6-le-meilleur-patissier/,1,0,0,0,0,1,sucré,,,,,,,,,,,,,,,,
185,https://www.mercotte.fr/2006/06/24/en-panne-dinspiration-des-recettes-fraiches-et-faciles/,1,1,1,1,1,1,sucré,,,,,,,,,,,,,,,,
186,https://www.mercotte.fr/2019/11/06/la-marquise-le-meilleur-patissier-saison-8-emission-9-princes-et-princesses/,1,0,0,0,0,0,sucré,,,,,,,,,,,,,,,,
187,https://www.mercotte.fr/2010/05/12/comte-radis-biscuits-des-marins-pour-accompagner-les-criminels-a-table/,1,0,0,0,0,1,salé,,,,,,,,,,,,,,,,
188,https://www.mercotte.fr/2013/05/29/craquelins-au-sucre-de-philippe-conticini-et-teasing-semaine-3-lmp/,1,0,0,0,0,1,sucré,,,,,,,,,,,,,,,,
189,https://www.mercotte.fr/2012/10/17/trois-biscuits-de-savoie-selon-laurent-petit-citron-praline-et-chocolat-et-concours-de-noel-chez-boco/,1,0,0,0,0,1,sucré,,,,,,,,,,,,,,,,
190,https://www.mercotte.fr/2007/09/13/les-benoitons-de-papilles/,1,0,0,0,0,0,sucré,,,,,,,,,,,,,,,,
191,https://www.mercotte.fr/2020/12/20/la-recre-du-dimanche-la-babka-de-jeffrey-cagnes/,1,1,0,0,0,0,sucré,,,,,,,,,,,,,,,,
192,https://www.mercotte.fr/2018/04/18/chiffon-cake-il-nest-jamais-trop-tard/,1,0,0,0,0,0,sucré,,,,,,,,,,,,,,,,
193,https://www.mercotte.fr/2020/05/19/le-cookie-geant-de-francois-perret-et-oui-encore-lui-cest-trop-bon/,1,0,0,0,0,0,sucré,,,,,,,,,,,,,,,,
194,https://www.mercotte.fr/2009/10/30/cremeux-de-chataignes-marie-avec-de-lananas-dapres-une-recette-danne-sophie-pic/,1,0,0,1,0,1,sucré,,,,,,,,,,,,,,,,
195,https://www.mercotte.fr/2010/11/10/clafoutis-aux-myrtilles-a-la-maniere-de-jean-sulpice-et-dans-lactu-des-entrees-gratuites-a-decouvrir/,1,0,0,0,0,0,sucré,,,,,,,,,,,,,,,,
196,https://www.mercotte.fr/2018/01/10/palets-de-pain-depices-a-lancienne/,1,0,0,0,0,1,sucré,,,,,,,,,,,,,,,,
197,https://www.mercotte.fr/2018/02/14/cookies-a-la-pistache-et-au-praline-de-pistache/,1,0,0,0,0,0,sucré,,,,,,,,,,,,,,,,
198,https://www.mercotte.fr/2012/07/18/creme-caramel-tout-simplement-un-dessert-pour-les-enfants/,1,0,0,1,0,0,sucré,,,,,,,,,,,,,,,,
199,https://www.mercotte.fr/2012/02/15/lemon-bars-de-pascale-weeks/,1,0,0,0,0,1,sucré,,,,,,,,,,,,,,,,
200,https://www.marmiton.org/recettes/recette_salade-de-quinoa_29581.aspx,1,1,0,1,1,1,salé,,,,,,,,,,,,,,,,9
201,https://www.marmiton.org/recettes/recette_falafel-croquettes-de-pois-chiches_23038.aspx,1,1,0,1,1,1,salé,,,,,,,,,,,,,,,,
202,https://www.marmiton.org/recettes/recette_salade-de-concombres-et-melons-a-la-menthe_31646.aspx,1,1,1,1,1,1,salé,,,,,,,,,,,,,,,,
203,https://www.marmiton.org/recettes/recette_coleslaw-de-chou-rouge-carotte-et-pomme_529825.aspx,1,1,1,1,1,1,salé,,,,,,,,,,,,,,,,
204,https://www.marmiton.org/recettes/recette_salade-aigre-douce-aux-concombres-thailande_23848.aspx,1,1,0,1,1,0,salé,,,,,,,,,,,,,,,,
205,https://www.marmiton.org/recettes/recette_salade-de-lentilles-pour-l-ete_170891.aspx,1,1,0,1,1,1,salé,,,,,,,,,,,,,,,,
206,https://www.marmiton.org/recettes/recette_pois-chiches-en-salade_359584.aspx,1,1,1,1,1,1,salé,,,,,,,,,,,,,,,,
207,https://www.marmiton.org/recettes/recette_empanadas-au-tofu_67200.aspx,1,1,0,0,1,1,salé,,,,,,,,,,,,,,,,
208,https://www.marmiton.org/recettes/recette_salade-toute-orange_308774.aspx,1,1,1,1,1,1,salé,,,,,,,,,,,,,,,,
209,https://www.marmiton.org/recettes/recette_faux-mage-a-tartiner-fromage-vegetalien_529627.aspx,1,1,1,1,1,0,salé,,,,,,,,,,,,,,,,
210,https://www.marmiton.org/recettes/recette_frita_13781.aspx,1,1,0,1,1,1,salé,,,,,,,,,,,,,,,,
211,https://www.marmiton.org/recettes/recette_samossas-de-legumes_46288.aspx,1,1,0,0,0,1,salé,,,,,,,,,,,,,,,,
212,https://www.marmiton.org/recettes/recette_tofu-pane_343849.aspx,1,1,0,0,1,1,salé,,,,,,,,,,,,,,,,
213,https://www.marmiton.org/recettes/recette_frites-de-butternut-facon-potatoes_343149.aspx,1,1,0,1,1,1,salé,,,,,,,,,,,,,,,,
214,https://www.marmiton.org/recettes/recette_frites-light-au-four_26853.aspx,1,1,0,1,0,1,salé,,,,,,,,,,,,,,,,
215,https://www.marmiton.org/recettes/recette_frites-de-patates-douces_16705.aspx,1,1,0,1,0,1,salé,,,,,,,,,,,,,,,,
216,https://www.marmiton.org/recettes/recette_bonnes-frites_15755.aspx,1,1,0,1,0,1,salé,,,,,,,,,,,,,,,,
217,https://www.marmiton.org/recettes/recette_salade-melon-feta-jambon_17933.aspx,0,0,1,1,0,1,salé,,,,,,,,,,,,,,,,
218,https://www.marmiton.org/recettes/recette_salade-de-kiwis-et-tomates-de-lili_28806.aspx,1,1,1,1,1,1,salé,,,,,,,,,,,,,,,,
219,https://www.marmiton.org/recettes/recette_salade-epinards-chevre-et-fraises_30954.aspx,1,0,1,1,0,0,salé,,,,,,,,,,,,,,,,
220,https://www.marmiton.org/recettes/recette_salade-grecque_34399.aspx,1,0,1,1,0,1,salé,,,,,,,,,,,,,,,,
221,https://www.marmiton.org/recettes/recette_salades-de-courgettes-crues-a-la-provencale_73488.aspx,1,1,1,1,1,1,salé,,,,,,,,,,,,,,,,
222,https://www.marmiton.org/recettes/recette_salade-de-betteraves-aux-noix-grece_41149.aspx,1,0,1,1,0,0,salé,,,,,,,,,,,,,,,,
223,https://www.marmiton.org/recettes/recette_pico-de-gallo_224684.aspx,1,1,1,1,1,1,salé,,,,,,,,,,,,,,,,
224,https://www.marmiton.org/recettes/recette_salade-pomme-de-terre-echalotes-de-mamie-margot_54669.aspx,1,1,0,1,0,1,salé,,,,,,,,,,,,,,,,
225,https://www.marmiton.org/recettes/recette_glace-a-la-vanille-facile-et-rapide_16505.aspx,1,0,1,1,0,1,sucré,,,,,,,,,,,,,,,,
226,https://www.marmiton.org/recettes/recette_granite-aux-fraises_17456.aspx,1,1,1,1,1,1,sucré,,,,,,,,,,,,,,,,
227,https://www.marmiton.org/recettes/recette_glace-a-l-eau_68242.aspx,1,1,1,1,1,1,sucré,,,,,,,,,,,,,,,,
228,https://www.marmiton.org/recettes/recette_salade-de-radis-au-chevre-frais_392474.aspx,1,0,1,1,0,1,salé,,,,,,,,,,,,,,,,
229,https://www.marmiton.org/recettes/recette_tempura-de-legumes-facile-et-rapide_56329.aspx,1,0,0,0,0,1,salé,,,,,,,,,,,,,,,,
230,https://www.marmiton.org/recettes/recette_tortilla-de-patatas-comme-en-espagne_54598.aspx,0,0,0,1,0,1,salé,,,,,,,,,,,,,,,,
231,https://www.marmiton.org/recettes/recette_carne-con-tomato-tapas-espagnol_43872.aspx,0,0,0,1,1,1,salé,,,,,,,,,,,,,,,,
232,https://www.marmiton.org/recettes/recette_panisse-facon-cadix-espagne_167311.aspx,1,1,0,1,1,1,salé,,,,,,,,,,,,,,,,
233,https://www.marmiton.org/recettes/recette_ajo-blanco-espagne_23049.aspx,1,1,1,0,1,0,salé,,,,,,,,,,,,,,,,
234,https://www.marmiton.org/recettes/recette_salade-d-orange-a-l-huile-d-olive-espagne_17107.aspx,1,1,1,1,1,1,sucré,,,,,,,,,,,,,,,,
235,https://www.marmiton.org/recettes/recette_mantecados-petits-gateaux-espagnols_95816.aspx,1,1,0,0,1,1,sucré,,,,,,,,,,,,,,,,
236,https://www.marmiton.org/recettes/recette_gateau-de-semoule-libanais-a-la-rose-namoura_47699.aspx,1,0,0,0,0,1,sucré,,,,,,,,,,,,,,,,
237,https://www.marmiton.org/recettes/recette_brewatte-maroc_13116.aspx,1,0,0,0,0,0,sucré,,,,,,,,,,,,,,,,
238,https://www.marmiton.org/recettes/recette_pistounade_25770.aspx,1,1,1,1,1,0,salé,,,,,,,,,,,,,,,,
239,https://www.marmiton.org/recettes/recette_tomates-a-la-provencale_11501.aspx,1,1,0,0,1,1,salé,,,,,,,,,,,,,,,,
240,https://www.marmiton.org/recettes/recette_socca-nicoise_16079.aspx,1,1,0,1,1,1,salé,,,,,,,,,,,,,,,,
241,https://www.marmiton.org/recettes/recette_daube-provencale_11978.aspx,0,0,0,1,1,1,salé,,,,,,,,,,,,,,,,
242,https://www.marmiton.org/recettes/recette_tapenade_14528.aspx,0,0,1,1,0,1,salé,,,,,,,,,,,,,,,,
243,https://www.marmiton.org/recettes/recette_tapenade-rapide-et-facile_37107.aspx,1,1,1,1,1,1,salé,,,,,,,,,,,,,,,,
244,https://www.marmiton.org/recettes/recette_canistrelli-de-jeanne_37990.aspx,1,1,0,0,1,1,sucré,,,,,,,,,,,,,,,,
245,https://www.marmiton.org/recettes/recette_flan-a-la-farine-de-chataigne_19606.aspx,1,0,0,1,0,1,sucré,,,,,,,,,,,,,,,,
246,https://www.marmiton.org/recettes/recette_canistrelli-corses-a-l-anis_63236.aspx,1,1,0,0,1,1,sucré,,,,,,,,,,,,,,,,
247,https://www.marmiton.org/recettes/recette_chroucroute-crue-carotte-pomme-et-cumin_29185.aspx,1,1,1,1,1,1,salé,,,,,,,,,,,,,,,,
248,https://www.marmiton.org/recettes/recette_buche-aux-marrons-sans-cuisson_23096.aspx,1,0,0,1,0,1,sucré,,,,,,,,,,,,,,,,
249,https://www.marmiton.org/recettes/recette_tartelettes-sans-cuisson-aux-mirabelles_528483.aspx,1,0,1,1,0,0,sucré,,,,,,,,,,,,,,,,
250,https://www.marmiton.org/recettes/recette_veloute-glace-a-la-courgette_23876.aspx,0,0,0,1,0,1,salé,,,,,,,,,,,,,,,,
251,https://www.marmiton.org/recettes/recette_gaspacho-de-melon-et-pasteque_39922.aspx,1,1,1,1,1,1,sucré,,,,,,,,,,,,,,,,
252,https://www.marmiton.org/recettes/recette_thon-cru-marine-au-citron_30496.aspx,0,0,1,1,0,1,salé,,,,,,,,,,,,,,,,
253,https://www.marmiton.org/recettes/recette_carpaccio-de-coquilles-saint-jacques_18818.aspx,0,0,1,1,0,1,salé,,,,,,,,,,,,,,,,
254,https://www.marmiton.org/recettes/recette_carpaccio-de-boeuf_28717.aspx,0,0,1,1,0,1,salé,,,,,,,,,,,,,,,,
255,https://www.marmiton.org/recettes/recette_carpaccio-melon-mozza-jambon-cru_48741.aspx,0,0,1,1,0,1,salé,,,,,,,,,,,,,,,,
256,https://www.marmiton.org/recettes/recette_carpaccio-de-melon-au-poivre_14269.aspx,1,1,1,1,1,1,salé,,,,,,,,,,,,,,,,
257,https://www.marmiton.org/recettes/recette_carpaccio-de-tomates_38170.aspx,1,1,1,1,1,1,salé,,,,,,,,,,,,,,,,
258,https://www.marmiton.org/recettes/recette_salade-de-betteraves-rouges-crues_52002.aspx,1,1,1,1,1,1,salé,,,,,,,,,,,,,,,,
259,https://www.marmiton.org/recettes/recette_poisson-cru-a-la-tahitienne_30521.aspx,0,0,1,1,0,1,salé,,,,,,,,,,,,,,,,
260,https://www.marmiton.org/recettes/recette_salade-de-champignons-crus-au-yaourt_63724.aspx,1,0,1,1,0,1,salé,,,,,,,,,,,,,,,,
261,https://www.marmiton.org/recettes/recette_saumon-cru-au-soja_23652.aspx,0,0,1,1,0,1,salé,,,,,,,,,,,,,,,,
262,https://www.marmiton.org/recettes/recette_poisson-cru-marine-aux-epices_23508.aspx,0,0,1,1,0,1,salé,,,,,,,,,,,,,,,,
263,https://www.marmiton.org/recettes/recette_salade-de-chou-fleur-cru-aux-carottes_310391.aspx,1,1,1,1,1,1,salé,,,,,,,,,,,,,,,,
264,https://www.marmiton.org/recettes/recette_marrons-glaces-faciles_24480.aspx,1,1,0,1,1,1,sucré,,,,,,,,,,,,,,,,
265,https://www.marmiton.org/recettes/recette_navets-glaces_13441.aspx,1,1,0,1,0,1,sucré,,,,,,,,,,,,,,,,
266,https://www.marmiton.org/recettes/recette_gaspacho-express-espagne_10989.aspx,1,1,1,1,1,1,salé,,,,,,,,,,,,,,,,
267,https://www.marmiton.org/recettes/recette_gaspacho-express-au-fromage-de-chevre_88960.aspx,1,0,1,1,0,1,salé,,,,,,,,,,,,,,,,
268,https://www.marmiton.org/recettes/recette_gaspacho-concombre-menthe_218870.aspx,1,1,1,1,1,1,salé,,,,,,,,,,,,,,,,
269,https://www.marmiton.org/recettes/recette_gaspacho-aux-carottes-et-a-la-menthe-fraiche_39437.aspx,1,1,0,1,1,1,salé,,,,,,,,,,,,,,,,
270,https://www.marmiton.org/recettes/recette_tartare-de-crevettes-mangue-et-avocats_195003.aspx,0,0,0,1,0,1,salé,,,,,,,,,,,,,,,,
271,https://www.marmiton.org/recettes/recette_tartare-de-thon-rouge_39279.aspx,0,0,1,1,0,1,salé,,,,,,,,,,,,,,,,
272,https://www.marmiton.org/recettes/recette_tartare-saumon-crevettes-et-mangue_219914.aspx,0,0,1,1,0,1,salé,,,,,,,,,,,,,,,,
273,https://www.marmiton.org/recettes/recette_tartare-de-crudites_17130.aspx,1,0,1,1,0,1,salé,,,,,,,,,,,,,,,,
274,https://www.marmiton.org/recettes/recette_salade-de-crudites-vitaminee_315314.aspx,1,1,1,1,1,1,salé,,,,,,,,,,,,,,,,
275,https://www.marmiton.org/recettes/recette_salade-de-radis-roses_31038.aspx,1,0,1,1,0,1,salé,,,,,,,,,,,,,,,,
276,https://www.marmiton.org/recettes/recette_yaourt-au-granola-sans-cuisson_531920.aspx,1,0,1,1,0,0,sucré,,,,,,,,,,,,,,,,
277,https://www.marmiton.org/recettes/recette_melon-et-mozzarella-au-basilic-frais_23733.aspx,1,0,1,1,0,0,salé,,,,,,,,,,,,,,,,
278,https://www.marmiton.org/recettes/recette_salade-de-fruits-frais-extra-et-rafraichissante_72039.aspx,1,1,1,1,1,1,sucré,,,,,,,,,,,,,,,,
279,https://www.marmiton.org/recettes/recette_tagliatelles-de-concombres-au-chevre-frais_23189.aspx,1,0,1,1,0,1,salé,,,,,,,,,,,,,,,,
280,https://www.marmiton.org/recettes/recette_salade-de-concombre-a-la-grecque_49159.aspx,1,0,1,1,0,1,salé,,,,,,,,,,,,,,,,
281,https://www.marmiton.org/recettes/recette_tartare-de-saumon_169920.aspx,0,0,1,1,1,1,salé,,,,,,,,,,,,,,,,
282,https://www.marmiton.org/recettes/recette_tartare-de-tomates-et-concombre-au-chevre-frais_340405.aspx,1,0,1,1,0,0,salé,,,,,,,,,,,,,,,,
283,https://www.marmiton.org/recettes/recette_tartare-de-saumon-et-endives_321231.aspx,1,0,1,1,0,0,salé,,,,,,,,,,,,,,,,
284,https://www.marmiton.org/recettes/recette_tartare-de-boeuf-aux-parfums-thai_228521.aspx,0,0,1,1,0,0,salé,,,,,,,,,,,,,,,,
285,https://www.marmiton.org/recettes/recette_le-meilleur-tartare-de-saumon_532896.aspx,0,0,1,0,0,1,salé,,,,,,,,,,,,,,,,
286,https://www.marmiton.org/recettes/recette_tartare-de-legumes-du-soleil_49262.aspx,1,1,1,1,1,1,salé,,,,,,,,,,,,,,,,
287,https://www.marmiton.org/recettes/recette_carpaccio-tartare-de-thon-rouge_28169.aspx,0,0,1,1,0,1,salé,,,,,,,,,,,,,,,,
288,https://www.marmiton.org/recettes/recette_tartare-de-saumon-et-crevettes_325758.aspx,0,0,1,1,0,1,salé,,,,,,,,,,,,,,,,
289,https://www.marmiton.org/recettes/recette_salade-de-fruits-a-la-fleur-d-oranger_29882.aspx,1,1,1,1,1,1,sucré,,,,,,,,,,,,,,,,
290,https://www.marmiton.org/recettes/recette_coupe-de-yaourt-et-mascarpone-aux-fruits_28300.aspx,1,0,1,1,0,0,sucré,,,,,,,,,,,,,,,,
291,https://www.marmiton.org/recettes/recette_glace-au-yaourt-et-aux-fruits_347677.aspx,1,0,1,1,0,1,sucré,,,,,,,,,,,,,,,,
292,https://www.marmiton.org/recettes/recette_salade-de-fruit-dans-une-pasteque_23214.aspx,1,1,1,1,1,1,sucré,,,,,,,,,,,,,,,,
293,https://www.marmiton.org/recettes/recette_coupes-fromage-blanc-framboises_30609.aspx,1,0,1,1,0,1,sucré,,,,,,,,,,,,,,,,
294,https://www.marmiton.org/recettes/recette_coupe-glacee-au-yaourt-et-a-la-mangue-ultra-rapide_46282.aspx,1,0,1,1,0,1,sucré,,,,,,,,,,,,,,,,
295,https://www.marmiton.org/recettes/recette_coupe-glacee-nicole-a-l-advocaat_36786.aspx,1,0,1,1,0,1,sucré,,,,,,,,,,,,,,,,
296,https://www.marmiton.org/recettes/recette_la-coupe-vanillee-facile_309801.aspx,1,0,1,1,0,1,sucré,,,,,,,,,,,,,,,,
297,https://www.marmiton.org/recettes/recette_mousse-de-fromage-a-la-poire-et-au-jambon-cru-32eme-rencontre_42651.aspx,0,0,1,1,0,1,salé,,,,,,,,,,,,,,,,
298,https://www.marmiton.org/recettes/recette_courgette-comme-a-florence-rapide-et-facile_176108.aspx,1,0,1,0,0,1,salé,,,,,,,,,,,,,,,,
299,https://www.marmiton.org/recettes/recette_poisson-cru-marine-a-la-menthe_38710.aspx,0,0,1,1,0,1,salé,,,,,,,,,,,,,,,,
300,https://www.marmiton.org/recettes/recette_plof-russie_11741.aspx,0,0,0,0,1,1,salé,,,,,,,,,,,,,,,,
301,https://www.marmiton.org/recettes/recette_gnocchis-au-boeuf-et-a-la-vodka_66717.aspx,0,0,0,0,0,1,salé,,,,,,,,,,,,,,,,
302,https://www.marmiton.org/recettes/recette_cigarettes-russes_12235.aspx,1,0,0,0,0,0,sucré,,,,,,,,,,,,,,,,
303,https://www.marmiton.org/recettes/recette_crumpets-angleterre_36255.aspx,1,0,0,0,0,1,sucré,,,,,,,,,,,,,,,,
304,https://www.marmiton.org/recettes/recette_filet-de-boeuf-wellington_13875.aspx,0,0,0,0,1,1,salé,,,,,,,,,,,,,,,,
305,https://www.marmiton.org/recettes/recette_jacket-potatoes_48390.aspx,0,0,0,1,0,0,salé,,,,,,,,,,,,,,,,
306,https://www.marmiton.org/recettes/recette_flapjack-a-la-banane-barre-d-avoine_47617.aspx,1,0,0,1,0,1,sucré,,,,,,,,,,,,,,,,
307,https://www.marmiton.org/recettes/recette_gelee-de-fruit-genre-jelly_26416.aspx,1,1,0,1,1,1,sucré,,,,,,,,,,,,,,,,
308,https://www.marmiton.org/recettes/recette_granola-de-fanny_327873.aspx,1,0,0,1,1,0,sucré,,,,,,,,,,,,,,,,
309,https://www.marmiton.org/recettes/recette_veggie-tortilla-bowl_392108.aspx#d109046-p1,1,1,0,0,1,0,salé,,,,,,,,,,,,,,,,
310,https://www.marmiton.org/recettes/recette_dal-epinards-et-lentilles_527981.aspx#d112655-p1,1,1,0,1,1,1,salé,,,,,,,,,,,,,,,,
311,https://www.marmiton.org/recettes/recette_churros-espagne_11698.aspx#d87011-p1,1,1,0,0,1,0,sucré,,,,,,,,,,,,,,,,
312,https://www.marmiton.org/recettes/recette_pain-perdu-vegan_392110.aspx#d109060-p1,1,1,0,0,1,1,sucré,,,,,,,,,,,,,,,,
313,https://www.marmiton.org/recettes/recette_nuggets-de-tofu_530005.aspx#d117842-p1,1,1,0,0,1,1,salé,,,,,,,,,,,,,,,,
314,https://www.marmiton.org/recettes/recette_pop-corn-sucre_339818.aspx#d81661-p1,1,1,0,1,1,1,sucré,,,,,,,,,,,,,,,,
315,https://www.marmiton.org/recettes/recette_tarte-vegan_391415.aspx#d105746-p1,1,1,0,0,1,0,sucré,,,,,,,,,,,,,,,,
316,https://www.marmiton.org/recettes/recette_mousse-au-chocolat-vegan_345310.aspx#d42925-p1,1,1,0,1,1,1,sucré,,,,,,,,,,,,,,,,
317,https://www.marmiton.org/recettes/recette_moussaka-vegane_344883.aspx,1,1,0,0,1,1,salé,,,,,,,,,,,,,,,,
318,https://www.marmiton.org/recettes/recette_moussaka_26078.aspx,0,0,0,0,0,1,salé,,,,,,,,,,,,,,,,
319,https://www.marmiton.org/recettes/recette_empanadas-au-tofu_67200.aspx#d1766-p1,1,1,0,0,1,1,salé,,,,,,,,,,,,,,,,
320,https://www.marmiton.org/recettes/recette_empanada-au-thon-facile_39203.aspx,0,0,0,0,0,1,salé,,,,,,,,,,,,,,,,
321,https://www.marmiton.org/recettes/recette_roses-des-sables-au-chocolat_12551.aspx#d82571-p1,1,1,0,1,1,1,sucré,,,,,,,,,,,,,,,,
322,https://www.marmiton.org/recettes/recette_tempeh-marine-a-la-sauce-soja_383595.aspx,1,1,0,0,1,0,salé,,,,,,,,,,,,,,,,
323,https://www.marmiton.org/recettes/recette_marbre-vegan_392071.aspx#d108867-p1,1,1,0,0,1,1,sucré,,,,,,,,,,,,,,,,
324,https://www.marmiton.org/recettes/recette_brownie-vegan-au-chocolat-et-patate-douce_375100.aspx#d102752-p1,1,1,0,0,0,0,sucré,,,,,,,,,,,,,,,,
325,https://www.marmiton.org/recettes/recette_steak-vegetal-aux-cereales-et-legumes_333249.aspx,1,1,0,0,1,1,salé,,,,,,,,,,,,,,,,
326,https://www.marmiton.org/recettes/recette_burger-vegan-au-chou-fleur-et-sauce-curry_392065.aspx#d108879-p1,1,1,0,0,1,1,salé,,,,,,,,,,,,,,,,
327,https://www.marmiton.org/recettes/recette_farce-boulette-fausse-viande-vegetarien-vegan_309904.aspx,1,1,0,0,1,0,salé,,,,,,,,,,,,,,,,
328,https://www.marmiton.org/recettes/recette_granite-tres-frais-tres-facile_307912.aspx,1,1,0,1,1,1,sucré,,,,,,,,,,,,,,,,
329,https://www.marmiton.org/recettes/recette_vacherin-glace_27016.aspx,1,0,0,1,0,1,sucré,,,,,,,,,,,,,,,,
330,https://www.marmiton.org/recettes/recette_granite-de-melon-au-miel-et-au-porto_17687.aspx,1,0,1,1,1,1,sucré,,,,,,,,,,,,,,,,
331,https://www.marmiton.org/recettes/recette_tartelettes-sans-cuisson-a-la-mangue_531192.aspx,1,1,0,1,1,0,sucré,,,,,,,,,,,,,,,,
332,https://www.marmiton.org/recettes/recette_madeleines-vegan_392047.aspx,1,1,0,0,1,1,sucré,,,,,,,,,,,,,,,,
333,https://www.marmiton.org/recettes/recette_flan-aux-framboises-vegan-et-sans-gluten_528407.aspx,1,1,0,1,1,1,sucré,,,,,,,,,,,,,,,,
334,https://www.marmiton.org/recettes/recette_calzone-feuillete-aux-legumes-du-soleil-vegan_528273.aspx,1,1,0,0,1,1,salé,,,,,,,,,,,,,,,,
335,https://www.marmiton.org/recettes/recette_gateau-au-yaourt-vegan_392075.aspx,1,1,0,0,1,1,sucré,,,,,,,,,,,,,,,,
336,https://www.marmiton.org/recettes/recette_gateau-au-yaourt_12719.aspx,1,0,0,0,0,1,sucré,,,,,,,,,,,,,,,,
337,https://www.marmiton.org/recettes/recette_donuts-vegan-au-chocolat_391983.aspx,1,1,0,0,1,1,sucré,,,,,,,,,,,,,,,,
338,https://www.marmiton.org/recettes/recette_terrine-d-asperges-sans-cuisson_46490.aspx,1,0,0,1,0,1,salé,,,,,,,,,,,,,,,,
339,https://www.marmiton.org/recettes/recette_crepes-a-milles-trous-baghrirs_60085.aspx,1,1,0,0,1,1,sucré,,,,,,,,,,,,,,,,
340,https://www.marmiton.org/recettes/recette_la-babka-de-jeremywte_529450.aspx,1,0,0,0,0,0,sucré,,,,,,,,,,,,,,,,
341,https://www.marmiton.org/recettes/recette_pate-a-tartiner-nutritive_392516.aspx,1,1,1,1,1,0,sucré,,,,,,,,,,,,,,,,
342,https://www.marmiton.org/recettes/recette_makrout_309743.aspx,1,0,0,0,0,0,sucré,,,,,,,,,,,,,,,,
343,https://www.marmiton.org/recettes/recette_pate-a-tartiner-au-chocolat_14142.aspx,1,0,0,1,0,0,sucré,,,,,,,,,,,,,,,,
344,https://www.marmiton.org/recettes/recette_rouleaux-de-printemps-sucres_29468.aspx,1,1,1,1,1,1,sucré,,,,,,,,,,,,,,,,
345,https://www.marmiton.org/recettes/recette_soupe-de-fraises-a-la-menthe_58810.aspx,1,1,1,1,1,1,sucré,,,,,,,,,,,,,,,,
346,https://www.marmiton.org/recettes/recette_cookie-avoine-banane_392022.aspx,1,1,0,1,1,1,sucré,,,,,,,,,,,,,,,,
347,https://www.marmiton.org/recettes/recette_cookies-d-avoines-et-canneberges_71800.aspx,1,0,0,0,0,1,sucré,,,,,,,,,,,,,,,,
348,https://www.marmiton.org/recettes/recette_uppama-inde_15368.aspx,1,0,0,0,1,0,salé,,,,,,,,,,,,,,,,
349,https://www.marmiton.org/recettes/recette_kulfi-inde_12605.aspx,1,0,0,1,0,0,sucré,,,,,,,,,,,,,,,,
350,https://www.elle.fr/Elle-a-Table/Recettes-de-cuisine/Soupe-d-asperges-blanches-a-la-gelee-de-cardamome-4224394,0,0,0,1,0,1,salé,,,,,,,,,,,,,,,,
351,https://www.elle.fr/Elle-a-Table/Recettes-de-cuisine/Sandwich-au-jambon-et-beurre-de-radis-4224353,0,0,0,0,0,1,salé,,,,,,,,,,,,,,,,
352,https://www.elle.fr/Elle-a-Table/Recettes-de-cuisine/Gnocchis-de-betteraves-noisettes-feta-4181721,1,0,0,0,0,0,salé,,,,,,,,,,,,,,,,
353,https://www.elle.fr/Elle-a-Table/Recettes-de-cuisine/Soupe-de-lentilles-au-tofu-fume-3896243,1,1,0,1,1,1,salé,,,,,,,,,,,,,,,,
354,https://www.elle.fr/Elle-a-Table/Recettes-de-cuisine/Soupe-poireaux-kale-carottes-3565637,1,1,0,1,1,1,salé,,,,,,,,,,,,,,,,
355,https://www.elle.fr/Elle-a-Table/Recettes-de-cuisine/Bouillon-d-herbes-a-la-dinde-epicee-3896244,0,0,0,1,1,0,salé,,,,,,,,,,,,,,,,
356,https://www.elle.fr/Elle-a-Table/Recettes-de-cuisine/Ceviche-de-loup-2948930,0,0,1,1,0,1,salé,,,,,,,,,,,,,,,,
357,https://www.elle.fr/Elle-a-Table/Recettes-de-cuisine/Salade-de-panais-cru-2654111,1,0,1,1,0,0,salé,,,,,,,,,,,,,,,,
358,https://www.elle.fr/Elle-a-Table/Recettes-de-cuisine/Salade-marocaine-2711399,0,0,1,1,1,1,salé,,,,,,,,,,,,,,,,
359,https://www.elle.fr/Elle-a-Table/Recettes-de-cuisine/Cremes-marbrees-a-la-poire-miel-et-cacao-4083380,1,0,1,1,1,0,sucré,,,,,,,,,,,,,,,,
360,https://www.elle.fr/Elle-a-Table/Recettes-de-cuisine/Tarte-aux-fraises-express-sans-cuisson-3936613,1,0,1,0,0,1,sucré,,,,,,,,,,,,,,,,
361,https://www.elle.fr/Elle-a-Table/Recettes-de-cuisine/Rouleaux-d-ete-aux-fraises-et-aux-fruits-exotiques-3936534,1,1,1,1,1,1,sucré,,,,,,,,,,,,,,,,
362,https://www.elle.fr/Elle-a-Table/Recettes-de-cuisine/Aguachile-de-dorade-sorbet-au-citron-vert-et-au-shiso-3934050,0,0,0,1,0,1,sucré,,,,,,,,,,,,,,,,
363,https://www.elle.fr/Elle-a-Table/Recettes-de-cuisine/Carpaccio-de-veau-et-mozzarella-fumee-3930031,0,0,1,1,0,0,salé,,,,,,,,,,,,,,,,
364,https://www.elle.fr/Elle-a-Table/Recettes-de-cuisine/Raw-pecan-pie-3879119,1,1,1,1,1,0,sucré,,,,,,,,,,,,,,,,
365,https://www.elle.fr/Elle-a-Table/Recettes-de-cuisine/Pie-aux-noix-de-pecan-3387713,1,0,0,0,0,0,sucré,,,,,,,,,,,,,,,,
366,https://www.elle.fr/Elle-a-Table/Recettes-de-cuisine/Paletas-dattes-amandes-erable-3661112,1,1,1,1,1,0,sucré,,,,,,,,,,,,,,,,
367,https://www.elle.fr/Elle-a-Table/Recettes-de-cuisine/Paletas-fraises-citron-fenouil-3661115,1,1,1,1,1,1,sucré,,,,,,,,,,,,,,,,
368,https://www.elle.fr/Elle-a-Table/Recettes-de-cuisine/Gateaux-crus-vegan-choco-noisette-3645905,1,1,1,1,1,0,sucré,,,,,,,,,,,,,,,,
369,https://www.elle.fr/Elle-a-Table/Recettes-de-cuisine/Salade-fattouche-libanaise-3652355,1,0,0,0,1,1,salé,,,,,,,,,,,,,,,,
370,https://www.elle.fr/Elle-a-Table/Recettes-de-cuisine/Carpaccio-ravigote-3497273,0,0,1,1,0,1,salé,,,,,,,,,,,,,,,,
371,https://www.elle.fr/Elle-a-Table/Recettes-de-cuisine/Blancs-de-poulet-rotis-au-fenouil-et-pois-chiches-3595988,0,0,0,1,1,1,salé,,,,,,,,,,,,,,,,
372,https://www.elle.fr/Elle-a-Table/Recettes-de-cuisine/Carpaccio-de-celeri-rave-puree-d-avocat-3479957,1,1,0,1,1,1,salé,,,,,,,,,,,,,,,,
373,https://www.elle.fr/Elle-a-Table/Recettes-de-cuisine/Tartines-de-patate-douce-puree-d-avocat-3454334,1,1,0,1,0,1,salé,,,,,,,,,,,,,,,,
374,https://www.elle.fr/Elle-a-Table/Recettes-de-cuisine/Tatin-de-tomates-cerises-glace-a-la-ricotta-et-a-l-huile-d-olive-3934052,1,0,0,0,0,1,sucré,,,,,,,,,,,,,,,,
375,https://www.elle.fr/Elle-a-Table/Recettes-de-cuisine/Tomates-cerises-a-l-huile-d-olive-et-au-thym-4043392,1,1,1,1,1,1,salé,,,,,,,,,,,,,,,,
376,https://www.elle.fr/Elle-a-Table/Recettes-de-cuisine/Haricots-blancs-a-l-huile-d-olive-poutargue-et-agrumes-Fassoulya-bel-zeit-3829858,0,0,0,1,1,1,salé,,,,,,,,,,,,,,,,
377,https://www.elle.fr/Elle-a-Table/Recettes-de-cuisine/Minestrone-a-l-orge-haricots-blancs-et-pesto-3886220,1,1,0,0,0,0,salé,,,,,,,,,,,,,,,,
378,https://www.elle.fr/Elle-a-Table/Recettes-de-cuisine/Haricots-beurre-a-l-ail-et-tomate-4148528,1,1,0,1,1,1,salé,,,,,,,,,,,,,,,,
379,https://www.elle.fr/Elle-a-Table/Recettes-de-cuisine/Brownie-au-cacao-cru-sans-sucre-3800898,1,1,1,1,1,0,sucré,,,,,,,,,,,,,,,,
380,https://www.elle.fr/Elle-a-Table/Recettes-de-cuisine/Salade-d-epinards-vinaigrette-a-l-eau-de-fleur-d-oranger-4100133,1,1,1,1,1,1,sucré,,,,,,,,,,,,,,,,
381,https://www.elle.fr/Elle-a-Table/Recettes-de-cuisine/Ceviche-d-amandes-de-mer-concombre-3872959,0,0,1,1,0,0,salé,,,,,,,,,,,,,,,,
382,https://www.elle.fr/Elle-a-Table/Recettes-de-cuisine/Salade-d-asperges-crues-au-parmesan-3863363,1,0,1,1,0,1,salé,,,,,,,,,,,,,,,,
383,https://www.elle.fr/Elle-a-Table/Recettes-de-cuisine/Gaspacho-de-tomate-mozzarella-et-rhubarbe-3679412,1,0,1,1,0,1,salé,,,,,,,,,,,,,,,,
384,https://www.elle.fr/Elle-a-Table/Recettes-de-cuisine/Crumble-de-fruits-rouges-rhubarbe-et-coco-3480512,1,1,1,1,1,1,sucré,,,,,,,,,,,,,,,,
385,https://www.elle.fr/Elle-a-Table/Recettes-de-cuisine/Crumble-de-fruits-rouges-2070884,1,0,0,0,0,1,sucré,,,,,,,,,,,,,,,,
386,https://www.elle.fr/Elle-a-Table/Recettes-de-cuisine/carres-a-l-avoine-et-aux-deux-gingembres-3454430,1,1,1,1,1,0,sucré,,,,,,,,,,,,,,,,
387,https://www.elle.fr/Elle-a-Table/Recettes-de-cuisine/Soupe-de-boules-de-taro-et-patate-douce-4230254,1,1,0,1,0,1,salé,,,,,,,,,,,,,,,,
388,https://www.elle.fr/Elle-a-Table/Recettes-de-cuisine/Pizza-a-la-patate-douce-fromage-de-chevre-et-miel-3976740,0,0,0,0,0,1,salé,,,,,,,,,,,,,,,,
389,https://www.elle.fr/Elle-a-Table/Recettes-de-cuisine/Spaghetti-et-courgettes-a-la-brousse-et-a-la-menthe-3863423,1,0,0,0,0,1,salé,,,,,,,,,,,,,,,,
390,https://www.elle.fr/Elle-a-Table/Recettes-de-cuisine/Financiers-aux-fleurs-et-au-sirop-de-pissenlit-4100584,1,0,0,0,0,0,sucré,,,,,,,,,,,,,,,,
391,https://www.elle.fr/Elle-a-Table/Recettes-de-cuisine/Salade-avocat-agrumes-et-fleurs-3801045,1,1,1,0,1,1,salé,,,,,,,,,,,,,,,,
392,https://www.elle.fr/Elle-a-Table/Recettes-de-cuisine/Salade-petit-epeautre-maigre-et-agrumes-4022919,1,1,0,0,1,1,salé,,,,,,,,,,,,,,,,
393,https://www.elle.fr/Elle-a-Table/Recettes-de-cuisine/Salade-de-carottes-anciennes-dattes-et-agrumes-3863947,1,1,1,1,1,1,salé,,,,,,,,,,,,,,,,
394,https://www.elle.fr/Elle-a-Table/Recettes-de-cuisine/Curry-de-legumes-au-lait-de-coco-2034016,1,1,0,1,0,1,salé,,,,,,,,,,,,,,,,
395,https://www.elle.fr/Elle-a-Table/Recettes-de-cuisine/Curry-de-volaille-legumes-rotis-3057889,0,0,0,1,1,1,salé,,,,,,,,,,,,,,,,
396,https://www.elle.fr/Elle-a-Table/Recettes-de-cuisine/Legumes-et-feta-rotis-3712703,1,0,0,1,0,1,salé,,,,,,,,,,,,,,,,
397,https://www.elle.fr/Elle-a-Table/Recettes-de-cuisine/Canette-et-legumes-de-printemps-3863377,0,0,0,1,0,1,salé,,,,,,,,,,,,,,,,
398,https://www.elle.fr/Elle-a-Table/Recettes-de-cuisine/Bourguignon-de-champignons-3977601,1,1,0,0,1,1,salé,,,,,,,,,,,,,,,,
399,https://www.elle.fr/Elle-a-Table/Recettes-de-cuisine/Bourguignon-de-celeri-carotte-4042916,1,0,0,0,0,1,salé,,,,,,,,,,,,,,,,
400,https://www.elle.fr/Elle-a-Table/Recettes-de-cuisine/Celeri-soba-safran-3979503,1,0,0,1,0,1,salé,,,,,,,,,,,,,,,,
401,https://www.elle.fr/Elle-a-Table/Recettes-de-cuisine/Celeri-remoulade-2078174,1,0,1,1,0,1,salé,,,,,,,,,,,,,,,,
402,https://www.elle.fr/Elle-a-Table/Recettes-de-cuisine/Celeri-nori-vadouvan-3979506,1,0,0,1,0,1,salé,,,,,,,,,,,,,,,,
403,https://www.elle.fr/Elle-a-Table/Recettes-de-cuisine/Soupe-celeri-pommes-1843540,0,0,0,1,1,0,salé,,,,,,,,,,,,,,,,
404,https://www.elle.fr/Elle-a-Table/Recettes-de-cuisine/Soupe-pommes-betteraves-noisettes-3657959,1,0,0,1,0,0,salé,,,,,,,,,,,,,,,,
405,https://www.elle.fr/Elle-a-Table/Recettes-de-cuisine/Betteraves-roties-et-dukkah-aux-noisettes-4173038,1,0,0,1,0,0,salé,,,,,,,,,,,,,,,,
406,https://www.elle.fr/Elle-a-Table/Recettes-de-cuisine/Gnocchis-de-polenta-gratines-2424144,1,0,0,1,0,1,salé,,,,,,,,,,,,,,,,
407,https://www.elle.fr/Elle-a-Table/Recettes-de-cuisine/Gnocchi-a-la-romaine-gratines-a-la-mimolette-4177108,1,0,0,0,0,1,salé,,,,,,,,,,,,,,,,
408,https://www.elle.fr/Elle-a-Table/Recettes-de-cuisine/Tarte-fine-a-la-crapaudine-creme-a-l-huile-de-courge-3941518,1,0,0,0,0,0,salé,,,,,,,,,,,,,,,,
409,https://www.elle.fr/Elle-a-Table/Recettes-de-cuisine/Soupe-de-carottes-lentilles-corail-et-epices-4176814,1,1,0,1,1,1,salé,,,,,,,,,,,,,,,,
410,https://www.elle.fr/Elle-a-Table/Recettes-de-cuisine/Dip-lentilles-corail-et-citron-3660989,1,1,0,1,1,0,salé,,,,,,,,,,,,,,,,
411,https://www.elle.fr/Elle-a-Table/Recettes-de-cuisine/Beignets-de-cabillaud-et-dip-mayonnaise-citron-vert-3829069,1,0,0,0,0,1,salé,,,,,,,,,,,,,,,,
412,https://www.elle.fr/Elle-a-Table/Recettes-de-cuisine/Falafels-indiens-aux-lentilles-corail-et-raita-carotte-cumin-et-citron-vert-3829758,1,0,0,1,0,1,salé,,,,,,,,,,,,,,,,
413,https://www.elle.fr/Elle-a-Table/Recettes-de-cuisine/Boulettes-de-lentilles-corail-et-patate-douce-sauce-yaourt-au-curry-4043306,1,0,0,1,0,1,salé,,,,,,,,,,,,,,,,
414,https://www.elle.fr/Elle-a-Table/Recettes-de-cuisine/Veloute-de-lentilles-corail-porc-et-carottes-3740362,0,0,0,1,1,1,salé,,,,,,,,,,,,,,,,
415,https://www.elle.fr/Elle-a-Table/Recettes-de-cuisine/Cake-aux-lentilles-corail-carottes-et-curry-2692915,1,0,0,0,0,0,salé,,,,,,,,,,,,,,,,
416,https://www.elle.fr/Elle-a-Table/Recettes-de-cuisine/Veloute-glace-de-carottes-et-asperges-vertes-2081772,0,0,0,1,0,1,salé,,,,,,,,,,,,,,,,
417,https://www.elle.fr/Elle-a-Table/Recettes-de-cuisine/COTES-DE-PORC-EN-COCOTTE-VINAIGRETTE-A-L-ANCHOIS-ET-ROMARIN-ASPERGES-VERTES-ET-PARMESAN-2683389,0,0,0,1,0,1,salé,,,,,,,,,,,,,,,,
418,https://www.elle.fr/Elle-a-Table/Recettes-de-cuisine/Asperges-a-la-plancha-et-au-jambon-de-serrano-2064678,0,0,0,1,0,1,salé,,,,,,,,,,,,,,,,
419,https://www.elle.fr/Elle-a-Table/Recettes-de-cuisine/Poulet-a-l-estragon-et-poireau-4224387,0,0,0,1,0,1,salé,,,,,,,,,,,,,,,,
420,https://www.elle.fr/Elle-a-Table/Recettes-de-cuisine/Salade-jambon-noix-et-stilton-4225231,0,0,0,1,0,0,salé,,,,,,,,,,,,,,,,
421,https://www.elle.fr/Elle-a-Table/Recettes-de-cuisine/Salade-de-fraises-roquette-et-jambon-cru-3936546,0,0,1,1,1,1,salé,,,,,,,,,,,,,,,,
422,https://www.elle.fr/Elle-a-Table/Recettes-de-cuisine/Salade-fraises-tomates-scarmoza-3868617,1,0,1,1,0,1,salé,,,,,,,,,,,,,,,,
423,https://www.elle.fr/Elle-a-Table/Recettes-de-cuisine/Rouleaux-de-printemps-vegetariens-au-chevre-frais-3863414,1,0,1,1,0,0,salé,,,,,,,,,,,,,,,,
424,https://www.elle.fr/Elle-a-Table/Recettes-de-cuisine/Rouleaux-de-printemps-saumon-chevre-3496094,0,0,1,0,0,0,salé,,,,,,,,,,,,,,,,
425,https://www.elle.fr/Elle-a-Table/Recettes-de-cuisine/Roses-de-pomme-feuilletees-3957634,1,1,0,0,1,1,sucré,,,,,,,,,,,,,,,,
426,https://www.elle.fr/Elle-a-Table/Recettes-de-cuisine/Roses-des-sables-1672864,1,0,0,1,0,1,sucré,,,,,,,,,,,,,,,,
427,https://www.elle.fr/Elle-a-Table/Recettes-de-cuisine/Roses-des-Sables-2026288,1,0,0,1,0,1,sucré,,,,,,,,,,,,,,,,
428,https://www.elle.fr/Noel/Cuisine/Recettes-de-Noel/Carpaccio-de-saint-jacques-aux-baies-roses-et-citron-vert-cremeux-de-celeri-4185599,0,0,0,1,0,1,salé,,,,,,,,,,,,,,,,
429,https://www.elle.fr/Elle-a-Table/Recettes-de-cuisine/Mon-super-banoffee-2258640,1,0,0,0,0,1,sucré,,,,,,,,,,,,,,,,
430,https://www.elle.fr/Elle-a-Table/Recettes-de-cuisine/Mon-quinoa-Queen-2572232,0,0,0,1,0,0,salé,,,,,,,,,,,,,,,,
431,https://www.elle.fr/Elle-a-Table/Recettes-de-cuisine/Salade-de-quinoa-aux-legumes-3525884,1,1,0,1,1,1,salé,,,,,,,,,,,,,,,,
432,https://www.elle.fr/Elle-a-Table/Recettes-de-cuisine/Compote-pommes-chataignes-vanille-4074215,1,1,0,1,1,1,sucré,,,,,,,,,,,,,,,,
433,https://www.elle.fr/Elle-a-Table/Recettes-de-cuisine/Blanc-manger-au-the-a-la-compote-d-oranges-2073786,1,0,0,1,0,0,sucré,,,,,,,,,,,,,,,,
434,https://www.elle.fr/Elle-a-Table/Recettes-de-cuisine/Le-vrai-coulant-au-chocolat-2280940,1,0,0,0,0,1,sucré,,,,,,,,,,,,,,,,
435,https://www.elle.fr/Elle-a-Table/Recettes-de-cuisine/Lasagnes-a-la-bechamel-de-pois-chiches-3594059,1,1,0,1,0,0,salé,,,,,,,,,,,,,,,,
436,https://www.elle.fr/Elle-a-Table/Recettes-de-cuisine/Creme-glacee-a-la-vanille-et-sans-oeufs-4173239,1,1,1,1,1,1,sucré,,,,,,,,,,,,,,,,
437,https://www.elle.fr/Elle-a-Table/Recettes-de-cuisine/Dutch-baby-pancake-aux-bananes-4084592,1,0,0,0,0,1,sucré,,,,,,,,,,,,,,,,
438,https://www.elle.fr/Elle-a-Table/Recettes-de-cuisine/Meringue-orange-fruit-de-la-passion-et-cachaca-3991882,1,0,0,1,0,1,sucré,,,,,,,,,,,,,,,,
439,https://www.elle.fr/Elle-a-Table/Recettes-de-cuisine/Galette-des-rois-fruit-de-la-Passion-et-chocolat-au-lait-3743298,1,0,0,0,0,0,sucré,,,,,,,,,,,,,,,,
440,https://www.elle.fr/Elle-a-Table/Recettes-de-cuisine/Charlotte-a-la-rose-et-aux-litchis-3977301,1,0,0,0,0,1,sucré,,,,,,,,,,,,,,,,
441,https://www.elle.fr/Elle-a-Table/Recettes-de-cuisine/Flan-au-sesame-noir-4141221,1,1,0,1,1,0,sucré,,,,,,,,,,,,,,,,
442,https://www.elle.fr/Elle-a-Table/Recettes-de-cuisine/Porridge-sale-aux-champignons-4100056,1,1,0,1,1,1,salé,,,,,,,,,,,,,,,,
443,https://www.elle.fr/Elle-a-Table/Recettes-de-cuisine/Porridge-d-amarante-et-poire-4083929,1,1,0,1,1,0,sucré,,,,,,,,,,,,,,,,
444,https://www.elle.fr/Elle-a-Table/Recettes-de-cuisine/Gateau-de-haricots-blancs-dans-l-esprit-d-un-turinois-figues-roties-et-coulis-d-orange-3941519,1,0,0,1,0,1,sucré,,,,,,,,,,,,,,,,
445,https://www.elle.fr/Elle-a-Table/Recettes-de-cuisine/Pavlovas-pimentees-aux-fraises-4017588,1,1,0,1,1,1,sucré,,,,,,,,,,,,,,,,
446,https://www.elle.fr/Elle-a-Table/Recettes-de-cuisine/Pavlovas-framboises-mangue-et-bananes-2033092,1,0,0,1,0,1,sucré,,,,,,,,,,,,,,,,
447,https://www.elle.fr/Elle-a-Table/Recettes-de-cuisine/Fraises-au-vin-epice-3788716,1,1,0,1,1,1,sucré,,,,,,,,,,,,,,,,
448,https://www.elle.fr/Elle-a-Table/Recettes-de-cuisine/Galettes-frites-de-farine-de-pois-chiche-3995389,1,1,0,1,1,1,salé,,,,,,,,,,,,,,,,
449,https://www.elle.fr/Elle-a-Table/Recettes-de-cuisine/Salade-de-printemps-aux-asperges-vertes-petits-pois-pois-gourmands-et-edamame-4015894,1,1,0,1,1,0,salé,,,,,,,,,,,,,,,,
450,https://www.elle.fr/Elle-a-Table/Recettes-de-cuisine/Creme-d-asperges-pois-chiches-betterave-4141204,1,1,0,1,1,0,salé,,,,,,,,,,,,,,,,
451,https://www.elle.fr/Elle-a-Table/Recettes-de-cuisine/Poelee-de-brocolis-a-la-menthe-4043288,1,1,0,1,1,0,salé,,,,,,,,,,,,,,,,
452,https://www.elle.fr/Elle-a-Table/Recettes-de-cuisine/Poelee-de-champignons-a-la-creme-2079552,1,0,0,1,0,1,salé,,,,,,,,,,,,,,,,
453,https://www.elle.fr/Elle-a-Table/Recettes-de-cuisine/Risotto-de-sarrasin-potimarron-3932962,1,1,0,1,1,1,salé,,,,,,,,,,,,,,,,
454,https://www.elle.fr/Elle-a-Table/Recettes-de-cuisine/Chou-fleur-roti-houmous-de-patate-douce-et-pois-chiches-3885223,1,1,0,1,0,0,salé,,,,,,,,,,,,,,,,
455,https://www.elle.fr/Elle-a-Table/Recettes-de-cuisine/Chaussons-feta-halloumi-menthe-4205294,1,0,0,0,0,0,salé,,,,,,,,,,,,,,,,
456,https://www.elle.fr/Elle-a-Table/Recettes-de-cuisine/Salade-sucree-salee-aux-fruits-rouges-petits-pois-feta-et-menthe-4015899,1,0,0,1,0,1,salé,,,,,,,,,,,,,,,,
457,https://www.elle.fr/Elle-a-Table/Recettes-de-cuisine/Aubergines-roties-au-miso-veloute-d-epinards-coco-et-cacahuetes-4180965,1,1,0,1,1,0,salé,,,,,,,,,,,,,,,,
458,https://www.elle.fr/Elle-a-Table/Recettes-de-cuisine/Poivronnade-4141532,1,0,0,1,1,1,salé,,,,,,,,,,,,,,,,
459,https://www.elle.fr/Elle-a-Table/Recettes-de-cuisine/Poivrons-grilles-au-barbecue-de-Juan-Arbelaez-4132789,1,1,0,1,1,1,salé,,,,,,,,,,,,,,,,
460,https://www.elle.fr/Elle-a-Table/Recettes-de-cuisine/Cepes-des-pins-rotis-poireaux-brules-4084614,1,1,0,1,1,0,salé,,,,,,,,,,,,,,,,
461,https://www.elle.fr/Elle-a-Table/Recettes-de-cuisine/Courgettes-sautees-au-miel-et-aux-raisins-secs-4050831,1,0,0,1,1,1,salé,,,,,,,,,,,,,,,,
462,https://www.elle.fr/Elle-a-Table/Recettes-de-cuisine/Panais-rotis-au-miel-et-cumin-sauce-yaourt-et-ail-4185232,1,0,0,0,0,1,salé,,,,,,,,,,,,,,,,
463,https://www.elle.fr/Elle-a-Table/Recettes-de-cuisine/Truffes-vegan-au-chocolat-et-gingembre-confit-4017412,1,1,0,1,1,0,sucré,,,,,,,,,,,,,,,,
464,https://www.elle.fr/Noel/Cuisine/Recettes-de-Noel/Truffes-au-chocolat-au-lait-et-au-fruit-de-la-passion-3825436,1,0,0,1,0,1,sucré,,,,,,,,,,,,,,,,
465,https://www.elle.fr/Elle-a-Table/Recettes-de-cuisine/Tartelettes-aux-fraises-vegan-3936522,1,1,0,0,1,0,sucré,,,,,,,,,,,,,,,,
466,https://www.elle.fr/Elle-a-Table/Recettes-de-cuisine/Stew-de-butternut-orge-curcuma-3831050,1,1,0,1,1,1,salé,,,,,,,,,,,,,,,,
467,https://www.elle.fr/Elle-a-Table/Recettes-de-cuisine/Wakame-pousses-de-soja-en-umesu-4144906,1,1,0,0,1,1,salé,,,,,,,,,,,,,,,,
468,https://www.elle.fr/Elle-a-Table/Recettes-de-cuisine/Makis-de-printemps-sauce-cacahuete-4141202,1,1,0,1,1,0,salé,,,,,,,,,,,,,,,,
469,https://www.elle.fr/Elle-a-Table/Recettes-de-cuisine/Brochettes-de-poulet-satay-sauce-aux-cacahuetes-et-sauce-pimentee-2975847,0,0,0,0,1,0,salé,,,,,,,,,,,,,,,,
470,https://www.elle.fr/Elle-a-Table/Recettes-de-cuisine/Noodles-au-tofu-sauce-cacahuete-3600425,1,0,0,0,0,0,salé,,,,,,,,,,,,,,,,
471,https://www.elle.fr/Elle-a-Table/Recettes-de-cuisine/Batonnets-de-tofu-fume-panes-au-quinoa-trois-couleurs-et-sauce-verte-3867619,1,0,0,0,0,1,salé,,,,,,,,,,,,,,,,
472,https://www.elle.fr/Elle-a-Table/Recettes-de-cuisine/Carrot-cake-a-la-roquette-et-au-tofu-fume-3057811,1,0,0,1,0,0,salé,,,,,,,,,,,,,,,,
473,https://www.elle.fr/Elle-a-Table/Recettes-de-cuisine/Gelee-d-agrumes-2613290,1,1,0,1,1,1,sucré,,,,,,,,,,,,,,,,
474,https://www.elle.fr/Elle-a-Table/Recettes-de-cuisine/Ceviche-de-bar-et-mosaique-de-courgettes-jaunes-4143204,0,0,1,1,0,1,salé,,,,,,,,,,,,,,,,
475,https://www.elle.fr/Elle-a-Table/Recettes-de-cuisine/Sardines-fraiches-a-l-huile-4121477,0,0,1,1,0,1,salé,,,,,,,,,,,,,,,,
476,https://www.elle.fr/Elle-a-Table/Recettes-de-cuisine/Salade-thaie-au-pamplemousse-asiatique-et-aux-crevettes-4100137,0,0,0,0,0,0,salé,,,,,,,,,,,,,,,,
477,https://www.elle.fr/Elle-a-Table/Recettes-de-cuisine/Fleurs-de-chou-fleur-aux-trois-couleurs-a-l-huile-mentholee-4100125,1,1,0,1,1,0,salé,,,,,,,,,,,,,,,,
478,https://www.elle.fr/Elle-a-Table/Recettes-de-cuisine/Huitres-a-la-sauce-tosazu-huile-a-l-ail-4185174,0,0,0,0,0,1,salé,,,,,,,,,,,,,,,,
479,https://www.elle.fr/Elle-a-Table/Recettes-de-cuisine/Salade-de-courgettes-crues-aux-noisettes-4050859,1,1,1,1,1,0,salé,,,,,,,,,,,,,,,,
480,https://www.elle.fr/Elle-a-Table/Recettes-de-cuisine/Salade-de-fraises-a-l-avocat-3929897,1,0,1,1,1,1,salé,,,,,,,,,,,,,,,,
481,https://www.elle.fr/Elle-a-Table/Recettes-de-cuisine/Tarte-crue-au-chocolat-et-cacahuetes-3692960,1,0,1,1,1,0,sucré,,,,,,,,,,,,,,,,
482,https://www.elle.fr/Elle-a-Table/Recettes-de-cuisine/Tarte-au-chocolat-cru-et-citron-3389876,1,0,0,0,0,0,sucré,,,,,,,,,,,,,,,,
483,https://www.elle.fr/Elle-a-Table/Recettes-de-cuisine/Boisson-chia-amande-betterave-3669206,1,1,1,1,1,0,sucré,,,,,,,,,,,,,,,,
484,https://www.elle.fr/Elle-a-Table/Recettes-de-cuisine/Chia-bowl-3473393,1,0,1,1,0,0,sucré,,,,,,,,,,,,,,,,
485,https://www.elle.fr/Elle-a-Table/Recettes-de-cuisine/Vegan-bowl-3595163,1,1,0,1,1,1,salé,,,,,,,,,,,,,,,,
486,https://www.elle.fr/Elle-a-Table/Recettes-de-cuisine/Cheesecake-vegan-aux-peches-3873494,1,1,1,1,1,0,sucré,,,,,,,,,,,,,,,,
487,https://www.elle.fr/Elle-a-Table/Recettes-de-cuisine/Chakchouka-vegan-3783980,1,1,0,0,1,1,salé,,,,,,,,,,,,,,,,
488,https://www.elle.fr/Elle-a-Table/Recettes-de-cuisine/Biscottis-vegan-au-chocolat-3652427,1,1,0,1,1,0,sucré,,,,,,,,,,,,,,,,
489,https://www.elle.fr/Elle-a-Table/Recettes-de-cuisine/Nids-de-paques-vegan-au-chocolat-blanc-3652421,1,1,0,1,1,0,sucré,,,,,,,,,,,,,,,,
490,https://www.elle.fr/Elle-a-Table/Recettes-de-cuisine/Gateau-chocolat-noisette-vegan-3595166,1,1,0,1,1,0,sucré,,,,,,,,,,,,,,,,
491,https://www.elle.fr/Elle-a-Table/Recettes-de-cuisine/Gateau-chocolat-noisette-meringue-3595871,1,0,0,1,0,0,sucré,,,,,,,,,,,,,,,,
492,https://www.elle.fr/Elle-a-Table/Recettes-de-cuisine/Parmentier-lentilles-et-oignons-caramelises-4173095,1,1,0,0,0,1,salé,,,,,,,,,,,,,,,,
493,https://www.elle.fr/Elle-a-Table/Recettes-de-cuisine/Saucisses-de-Toulouse-lentilles-corail-oignons-et-echalotes-caramelises-3941292,0,0,0,0,0,1,salé,,,,,,,,,,,,,,,,
494,https://www.elle.fr/Elle-a-Table/Recettes-de-cuisine/Frittedda-sicilienne-feves-petits-pois-4141474,1,1,0,1,1,1,salé,,,,,,,,,,,,,,,,
495,https://www.elle.fr/Elle-a-Table/Recettes-de-cuisine/Soupe-sicilienne-de-lentilles-3995452,1,1,0,1,1,1,salé,,,,,,,,,,,,,,,,
496,https://www.elle.fr/Elle-a-Table/Recettes-de-cuisine/Casserole-de-tempeh-4100059,1,1,0,0,0,0,salé,,,,,,,,,,,,,,,,
497,https://www.elle.fr/Elle-a-Table/Recettes-de-cuisine/Tarte-au-chocolat-de-Paques-3454400,1,1,0,0,1,1,sucré,,,,,,,,,,,,,,,,
498,https://www.elle.fr/Elle-a-Table/Recettes-de-cuisine/Tarte-au-chocolat-2343652,1,0,0,0,0,0,sucré,,,,,,,,,,,,,,,,
499,https://www.elle.fr/Elle-a-Table/Recettes-de-cuisine/Makhlouta-oignons-haricots-blancs-pois-chiches-4028051,1,1,0,0,1,1,salé,,,,,,,,,,,,,,,,
500,https://www.elle.fr/Elle-a-Table/Recettes-de-cuisine/Ceviche-de-daurade-Pierre-Herme-1058385,0,0,1,0,0,1,salé,,,,,,,,,,,,,,,,